{
  "run_id": "random_289_20250721_084226",
  "hyperparameters": {
    "lr_actor": 1.5277384851500572e-05,
    "lr_critic": 0.024159981498761918,
    "lambda_actor": 0.8194286929893821,
    "lambda_critic": 0.9615869404343597,
    "noise_std": 0.015641425426444783,
    "gamma": 0.9667744139228851,
    "reward_scale": 0.34034704159792284,
    "td_clip": 7.383066661842487
  },
  "returns": [
    499.10756665468216,
    305.6004669070244,
    386.8692846298218,
    286.47084617614746,
    257.52330297231674,
    383.6110191345215,
    389.60492169857025,
    262.9427796602249,
    245.77936094999313,
    336.30124735832214,
    247.91197127103806,
    312.72888177633286,
    437.6894918680191,
    367.62231171131134,
    255.87054705619812,
    268.744602560997,
    253.74125385284424,
    323.0962793827057,
    244.74220037460327,
    489.37582165002823,
    256.4334740638733,
    290.7530600428581,
    323.42400258779526,
    266.9690725207329,
    386.3339588046074,
    373.8772562146187,
    324.6289436817169,
    306.79828584194183,
    236.85807883739471,
    282.740898668766,
    272.3338222503662,
    335.00577396154404,
    450.91911631822586,
    327.6226963996887,
    277.5451586842537,
    322.81210601329803,
    415.3498449921608,
    372.96448892354965,
    323.70736652612686,
    452.3003571033478,
    295.0154068470001,
    390.85726100206375,
    399.8599593639374,
    306.27772015333176,
    392.9043065905571,
    483.68916243314743,
    375.736927986145,
    344.0034220814705,
    395.7224355340004,
    286.8520036935806,
    250.71866250038147,
    497.1108221411705,
    471.38861763477325,
    336.7117165327072,
    389.5349431633949,
    264.0537408590317,
    322.9270386695862,
    385.73113626241684,
    284.47623014450073,
    427.92008113861084,
    445.7100421190262,
    496.98166513442993,
    297.07847303152084,
    301.8256427049637,
    351.99728631973267,
    399.1041361093521,
    390.8563184738159,
    309.8134990930557,
    496.7311967611313,
    499.1628022789955,
    257.89583867788315,
    394.5725162625313,
    296.6381458044052,
    498.24631118774414,
    274.58864748477936,
    266.8961672782898,
    344.7599065899849,
    383.903029859066,
    257.80188554525375,
    496.8673417568207,
    402.8232591152191,
    333.6234182715416,
    268.04187643527985,
    496.7633447647095,
    317.7417291998863,
    330.0905832052231,
    297.17388808727264,
    302.7332119345665,
    285.56123447418213,
    264.5247256755829,
    446.63043290376663,
    307.02011024951935,
    277.53777253627777,
    462.63199216127396,
    368.4183315038681,
    255.71393072605133,
    320.55759847164154,
    264.739319562912,
    306.464881837368,
    222.37262439727783,
    347.87932962179184,
    322.78264343738556,
    309.5523114204407,
    427.1214336156845,
    263.46929705142975,
    415.56031733751297,
    272.93823051452637,
    314.8267112374306,
    378.769371509552,
    374.2088340520859,
    496.16806823015213,
    273.87898248434067,
    300.5179519057274,
    441.2211562991142,
    361.2918795347214,
    385.54728055000305,
    310.80969244241714,
    461.8603309392929,
    291.84323620796204,
    375.2996808886528,
    343.92271143198013,
    344.21961176395416,
    352.54178458452225,
    351.87677377462387,
    260.62630689144135,
    348.7447818517685,
    243.75261026620865,
    468.68548208475113,
    432.38846880197525,
    468.8384336233139,
    307.9878112077713,
    264.67949390411377,
    343.60542726516724,
    350.6419087648392,
    347.8099774122238,
    336.31195908784866,
    328.73120522499084,
    344.93804889917374,
    278.9760522842407,
    304.93266546726227,
    435.6374505162239,
    469.4096340537071,
    416.64546197652817,
    346.6292697787285,
    326.77971374988556,
    475.0069612264633,
    496.7513049840927,
    483.4018563628197,
    425.2580857872963,
    347.6861397624016,
    291.60545605421066,
    312.70513266324997,
    335.8367750644684,
    436.61240273714066,
    258.6577815413475,
    325.4375920891762,
    294.7698142528534,
    388.74980276823044,
    347.678897023201,
    273.6492508649826,
    321.55223071575165,
    382.09172171354294,
    252.54449480772018,
    255.83790320158005,
    332.57927417755127,
    472.64111441373825,
    310.91912895441055,
    359.9370463490486,
    279.9722425341606,
    302.9176567196846,
    489.58710139989853,
    341.87828147411346,
    314.5814414024353,
    350.60167545080185,
    356.9227467775345,
    285.43686044216156,
    271.48874920606613,
    247.72285854816437,
    436.6605365872383,
    497.51980423927307,
    433.47322791814804,
    497.8983021378517,
    252.43504112958908,
    246.37221270799637,
    347.8194805383682,
    309.8884394168854,
    279.4954232573509,
    309.84069085121155,
    482.10605478286743,
    273.3298487663269,
    250.63587027788162,
    310.80474120378494,
    323.84953260421753,
    249.7237200140953,
    278.8255671262741,
    299.96331882476807,
    341.17944318056107,
    362.0120169520378,
    396.3345935344696,
    306.771326482296
  ],
  "final_avg_return": 333.63709251761435
}